"","X_004","X_005","X_007","X_008","X_009","X_011","X_012","X_013","X_014","X_015","X_016","X_017","X_018","X_019","X_020","X_021","X_022","X_024","X_026","X_028","X_038","X_041"
"HS2_0001",1,0,0,0,1,0,1,1,0,1,1,1,1,0,0,1,1,0,0,0,0,0
"HS2_0002",1,0,0,0,1,0,1,1,0,1,0,1,1,0,0,1,0,0,0,0,0,0
"HS2_0003",1,0,0,0,1,0,1,0,0,1,1,1,1,0,0,1,0,0,0,0,0,0
"HS2_0004",1,0,0,0,1,0,1,1,0,0,0,0,1,0,0,0,0,0,0,0,0,0
"HS2_0005",1,0,0,0,1,0,1,1,0,1,1,1,1,0,0,1,0,0,0,0,0,0
"HS2_0006",1,0,0,0,1,0,1,1,1,1,1,1,1,0,0,1,0,0,0,0,0,0
"HS2_0007",1,0,0,0,1,0,1,1,0,1,1,1,1,0,0,1,0,0,0,0,0,0
"HS2_0008",1,0,0,0,1,0,1,1,1,0,1,1,1,0,0,0,0,0,0,0,0,0
"HS2_0009",1,0,0,0,1,0,1,0,0,0,1,0,1,0,0,0,1,0,0,0,0,0
"HS2_0010",1,0,0,0,1,0,1,0,0,0,1,1,1,0,0,1,0,0,0,0,0,0
"HS2_0011",1,0,0,0,1,0,1,0,1,1,1,1,1,0,0,1,0,0,0,0,0,0
"HS2_0012",1,0,0,0,1,0,1,0,1,1,1,1,1,0,0,1,0,0,0,0,0,0
"HS2_0013",1,0,0,0,1,0,1,0,1,1,1,1,1,0,0,1,0,0,0,0,0,0
"HS2_0014",1,0,0,0,1,0,1,1,1,0,1,1,1,0,0,1,0,0,0,0,0,0
"HS2_0015",1,0,0,0,1,0,1,1,1,1,1,1,1,0,0,1,0,0,0,0,0,0
"HS2_0016",1,0,0,0,1,0,1,1,1,0,1,1,1,0,0,0,0,0,0,0,0,0
"HS2_0017",1,0,0,0,1,0,0,1,1,0,1,0,1,0,0,1,1,1,0,0,0,0
"HS2_0018",1,0,0,0,1,0,1,0,1,1,1,1,1,0,0,1,1,0,0,0,0,0
"HS2_0019",1,0,0,0,1,0,1,0,1,1,1,1,1,0,0,1,0,0,0,0,0,0
"HS2_0020",1,0,0,0,1,0,1,1,0,1,1,1,1,0,0,1,0,0,0,0,0,0
"HS2_0021",1,0,0,0,1,0,1,0,1,0,1,0,1,0,0,0,1,0,0,0,0,0
"HS2_0022",1,0,0,0,1,0,0,1,1,0,1,1,1,0,0,1,0,0,0,0,0,0
"HS2_0023",1,0,0,1,1,0,1,1,1,1,1,1,1,0,0,1,0,0,0,0,0,0
"HS2_0024",1,0,0,0,1,0,1,1,0,1,1,1,1,0,0,1,0,0,0,0,0,0
"HS2_0025",1,0,0,0,1,0,1,1,0,1,1,1,1,0,0,1,1,0,0,0,0,0
"HS2_0026",1,0,0,0,1,0,1,0,1,1,1,1,1,0,0,1,1,0,0,0,0,0
"HS2_0027",1,0,0,0,1,0,1,0,0,0,1,1,1,0,0,1,0,0,0,0,0,0
"HS2_0028",1,0,0,1,1,0,0,0,1,1,0,1,1,0,0,0,1,0,0,0,0,0
"HS2_0029",1,0,0,0,1,0,0,1,1,1,1,1,1,0,1,1,0,0,0,0,0,0
"HS2_0030",1,0,0,0,1,0,1,1,0,1,1,1,1,0,0,1,0,0,0,0,0,0
"HS2_0031",1,0,0,0,1,0,1,1,1,1,1,1,1,0,0,1,0,0,0,0,0,0
"HS2_0032",1,0,0,0,1,0,1,1,0,1,1,1,1,0,0,1,0,0,0,0,0,0
"HS2_0033",1,0,0,0,1,0,1,1,1,1,1,1,1,0,0,1,1,1,0,0,0,0
"HS2_0035",1,0,0,0,1,0,0,0,0,1,1,0,1,0,0,1,1,0,0,0,0,0
"HS2_0036",1,0,0,1,1,0,0,0,1,1,1,1,1,0,0,0,1,0,0,0,0,0
"HS2_0037",1,0,0,0,1,0,1,1,1,1,1,1,1,0,0,1,0,0,0,0,0,0
"HS2_0038",1,1,0,0,1,0,1,0,1,1,1,1,1,0,1,1,0,1,0,0,0,0
"HS2_0039",1,0,0,0,1,0,1,1,1,1,1,0,1,0,0,1,0,1,0,0,0,0
"HS2_0040",1,0,0,1,1,0,1,1,1,1,1,1,1,0,0,1,1,0,0,0,0,0
"HS2_0041",1,0,0,0,1,0,1,1,1,1,1,1,1,0,0,1,1,1,0,0,0,0
"HS2_0042",1,0,0,0,1,0,1,0,1,1,1,1,1,0,0,1,1,0,0,0,0,0
"HS2_0043",1,1,0,0,1,0,1,1,0,1,1,1,1,0,0,1,0,0,0,0,0,0
"HS2_0044",1,0,0,0,1,0,1,1,0,1,1,1,1,0,0,1,0,0,0,0,0,0
"HS2_0045",1,0,0,0,1,0,1,1,1,1,1,1,1,0,0,1,0,1,0,0,0,0
"HS2_0046",1,0,0,1,1,0,1,1,1,1,1,1,1,0,0,0,1,0,0,0,0,0
"HS2_0047",1,0,0,0,1,0,1,1,1,0,1,0,1,0,0,1,0,0,0,0,0,0
"HS2_0048",1,0,0,0,1,0,1,1,0,1,1,1,1,0,0,1,0,0,0,0,0,0
"HS2_0385",1,0,0,0,1,0,1,1,0,1,1,0,0,0,0,0,0,0,0,0,0,0
"HS2_0386",1,0,0,0,1,0,1,1,0,1,1,0,0,0,0,0,0,0,0,0,0,0
"HS2_0387",1,1,0,0,1,0,1,1,0,1,1,0,0,0,0,0,0,0,0,0,0,0
"HS2_0388",1,1,1,1,1,0,0,0,1,1,1,0,0,0,0,0,1,0,0,0,0,0
"HS2_0389",1,1,0,0,1,0,1,1,0,1,1,0,0,0,0,0,0,0,0,0,0,0
"HS2_0390",1,1,0,0,1,0,1,1,0,1,1,0,0,0,0,0,0,0,0,0,0,0
"HS2_0391",1,1,0,0,1,0,1,1,0,1,1,0,0,0,0,0,0,0,0,0,0,0
"HS2_0392",1,1,0,0,1,0,1,1,0,1,1,0,0,0,0,0,0,0,0,0,0,0
"HS2_0393",1,0,1,1,1,0,1,1,1,1,1,0,0,0,0,0,0,0,0,0,0,0
"HS2_0394",1,1,0,0,1,0,1,0,0,1,1,0,0,0,0,0,0,0,0,0,0,0
"HS2_0395",1,0,0,0,1,0,1,0,0,0,1,0,0,0,0,0,0,0,0,0,0,0
"HS2_0396",1,0,0,0,1,0,1,0,0,1,1,0,0,0,0,0,0,0,0,0,0,0
"HS2_0397",1,1,0,0,1,0,1,1,0,1,1,0,0,0,0,0,0,0,0,0,0,0
"HS2_0398",1,1,0,0,1,0,1,1,0,1,1,0,0,0,0,0,0,0,0,0,0,0
"HS2_0399",1,1,0,0,1,0,1,1,0,0,1,0,0,0,0,0,0,0,0,0,0,0
"HS2_0400",1,1,1,0,1,0,1,1,0,1,1,0,0,0,0,0,0,0,0,0,0,0
"HS2_0401",1,1,1,1,1,0,0,0,1,1,1,0,0,0,0,0,1,0,0,0,0,0
"HS2_0402",1,0,0,0,1,0,1,1,1,1,1,0,0,0,0,0,0,0,0,0,0,0
"HS2_0403",1,1,0,0,1,0,1,0,0,1,1,0,0,0,0,0,0,0,0,0,0,0
"HS2_0404",1,1,1,1,1,0,1,1,1,1,1,0,0,0,0,0,0,0,0,0,0,0
"HS2_0405",1,1,0,0,1,0,1,1,0,0,1,0,0,0,0,0,0,0,0,0,0,0
"HS2_0406",1,1,0,0,1,0,0,1,1,0,1,0,0,0,0,0,0,0,0,0,0,0
"HS2_0407",1,1,0,0,1,0,1,1,0,1,1,0,0,0,0,0,0,0,0,0,0,0
"HS2_0408",1,1,1,0,1,0,1,1,1,1,1,0,0,0,0,0,0,0,0,0,0,0
"HS2_0409",1,0,0,0,1,0,1,1,0,1,1,0,0,0,0,0,0,0,0,0,0,0
"HS2_0410",1,1,0,0,1,0,1,0,0,1,1,0,0,0,0,0,0,0,0,0,0,0
"HS2_0411",1,1,0,0,1,0,1,0,0,0,1,0,0,0,0,0,0,0,0,0,0,0
"HS2_0412",1,1,0,0,1,0,1,1,1,0,1,0,0,0,0,0,0,0,0,0,0,0
"HS2_0413",1,1,0,0,1,0,0,1,0,0,1,0,0,0,0,0,0,0,0,0,0,0
"HS2_0414",1,1,0,0,1,0,1,1,0,1,1,0,0,0,0,0,0,0,0,0,0,0
"HS2_0415",1,1,1,1,1,1,1,1,1,0,1,0,0,0,1,0,0,0,0,0,0,0
"HS2_0416",1,1,1,0,1,0,0,1,0,1,1,0,0,0,0,0,0,0,0,0,0,0
"HS2_0417",1,0,1,1,1,0,1,0,1,1,1,0,0,0,0,0,0,0,0,0,0,0
"HS2_0419",1,0,0,1,1,0,0,0,0,0,1,0,0,0,0,0,1,0,0,0,0,0
"HS2_0420",1,0,0,0,1,0,1,0,0,0,1,0,0,0,0,0,1,0,0,0,0,0
"HS2_0421",1,1,0,0,1,0,1,1,0,1,1,0,0,0,0,0,0,0,0,0,0,0
"HS2_0422",0,1,0,0,1,0,1,0,1,0,1,0,0,0,0,0,0,0,0,0,0,0
"HS2_0423",1,1,0,1,1,1,0,1,1,0,1,0,0,0,1,0,0,1,0,0,0,0
"HS2_0424",1,1,1,0,1,0,1,1,0,1,1,0,0,0,0,0,0,0,0,0,0,0
"HS2_0425",1,0,0,0,1,0,1,1,0,1,1,0,0,0,0,0,0,0,0,0,0,0
"HS2_0426",1,1,0,0,1,0,1,0,0,1,1,0,0,0,0,0,1,0,0,0,0,0
"HS2_0427",1,1,1,1,1,0,1,1,1,1,1,0,0,0,0,0,1,0,0,0,0,0
"HS2_0428",1,1,0,0,1,0,1,1,0,1,1,0,0,0,0,0,0,0,0,0,0,0
"HS2_0429",1,1,1,0,1,0,1,1,0,1,1,0,0,0,0,0,0,0,0,0,0,0
"HS2_0430",1,0,0,0,1,0,1,1,0,0,1,0,1,0,0,0,0,0,0,0,0,0
"HS2_0431",1,0,1,1,1,0,0,1,1,1,1,0,0,0,1,0,0,1,0,0,0,0
"HS2_0432",1,1,1,0,1,0,0,1,1,1,1,0,0,0,0,0,0,0,0,0,0,0
"HS2_0769",1,1,1,1,1,0,0,1,0,1,1,0,0,0,0,0,0,0,0,1,0,0
"HS2_0770",1,1,0,1,0,0,0,1,1,0,1,0,0,0,0,0,0,0,0,0,0,0
"HS2_0771",1,1,0,1,1,0,0,1,1,0,1,0,0,0,0,0,0,1,0,1,0,0
"HS2_0772",1,0,1,1,1,0,0,1,1,1,0,0,0,1,0,0,0,0,1,1,0,0
"HS2_0773",1,1,0,1,0,0,0,1,1,0,1,0,0,0,0,0,0,1,0,0,0,0
"HS2_0774",1,1,0,1,0,0,0,1,1,0,1,0,0,0,0,0,0,0,0,0,0,0
"HS2_0775",1,1,0,1,0,1,1,1,1,0,1,0,0,0,0,0,0,0,0,0,0,0
"HS2_0776",1,1,0,1,0,0,0,1,0,0,1,0,0,0,0,0,0,0,0,0,0,0
"HS2_0777",1,1,1,1,1,0,0,0,0,1,0,0,0,1,0,0,0,0,0,1,1,0
"HS2_0778",1,1,1,1,0,0,0,1,1,0,1,0,0,0,1,0,0,1,0,0,0,0
"HS2_0779",1,1,1,1,1,0,0,1,1,1,0,0,0,0,0,0,0,0,0,0,0,0
"HS2_0780",1,1,1,1,0,0,0,1,1,0,1,0,0,0,0,0,0,1,0,1,0,0
"HS2_0781",1,1,0,1,0,0,0,1,1,0,1,0,0,0,1,0,0,1,0,0,0,0
"HS2_0782",1,1,1,1,0,1,0,1,1,0,1,0,0,0,1,0,0,1,0,1,0,0
"HS2_0783",1,1,0,1,0,1,0,1,1,0,1,0,0,0,1,0,0,1,0,0,0,0
"HS2_0784",1,1,1,1,0,1,0,1,1,1,1,0,0,0,0,0,0,0,0,0,0,0
"HS2_0785",1,1,1,1,1,1,0,1,1,1,1,0,0,0,0,0,0,0,0,0,0,0
"HS2_0786",1,1,1,1,0,1,0,1,1,0,1,0,0,0,0,0,0,0,0,1,0,0
"HS2_0787",1,1,0,1,0,0,0,1,1,0,1,0,0,0,0,0,0,1,0,1,0,0
"HS2_0788",1,1,1,1,1,0,0,1,1,1,1,0,0,1,0,0,0,0,1,1,1,0
"HS2_0789",1,1,1,1,1,0,0,1,1,1,0,0,0,0,0,0,0,1,0,0,0,0
"HS2_0790",1,1,1,1,0,1,0,1,1,0,1,0,0,0,1,0,0,1,0,0,0,0
"HS2_0791",1,1,0,0,0,1,0,1,1,0,1,0,0,0,1,0,0,1,0,0,0,1
"HS2_0792",1,1,1,1,0,1,0,1,1,0,1,0,0,0,1,0,0,1,0,0,0,0
"HS2_0793",1,1,0,1,0,0,1,1,1,0,1,0,0,0,0,0,0,0,0,0,0,0
"HS2_0794",1,1,1,1,0,0,0,1,1,0,1,0,0,0,1,0,0,1,0,0,0,0
"HS2_0795",1,1,1,1,1,0,0,0,1,1,0,0,0,0,0,0,0,0,0,0,0,0
"HS2_0796",1,1,1,1,1,0,0,0,1,1,0,0,0,1,0,0,0,0,0,0,1,0
"HS2_0797",1,1,1,0,0,1,0,1,1,0,0,0,0,0,1,0,0,1,0,0,0,0
"HS2_0798",1,1,1,1,0,1,0,1,1,0,1,0,0,0,1,0,0,1,0,0,0,0
"HS2_0799",1,1,1,1,0,1,0,1,1,0,1,0,0,0,1,0,0,1,0,0,0,1
"HS2_0800",1,1,1,1,1,1,0,1,1,0,1,0,0,0,1,0,0,1,0,0,0,0
"HS2_0801",1,1,1,1,1,0,0,1,1,1,0,0,0,0,0,0,0,0,0,0,0,0
"HS2_0803",1,1,1,1,1,0,0,0,0,1,0,0,0,0,0,0,0,0,0,1,0,0
"HS2_0804",1,1,1,1,1,0,0,1,1,1,1,0,0,1,0,0,0,0,1,0,1,0
"HS2_0805",1,1,1,1,0,1,0,1,1,0,1,0,0,0,1,0,0,1,0,0,0,1
"HS2_0806",0,1,0,0,1,0,1,0,1,0,0,0,0,0,0,0,0,0,0,0,0,0
"HS2_0807",1,1,1,0,0,1,0,1,0,0,1,0,0,0,1,0,0,1,0,0,0,0
"HS2_0808",1,1,1,1,0,0,0,1,1,0,1,0,0,0,1,0,0,1,0,0,0,0
"HS2_0809",1,0,0,0,0,0,0,1,1,0,1,0,0,0,0,0,0,1,0,0,0,0
"HS2_0810",0,1,0,1,0,0,0,1,1,0,0,0,0,0,0,0,0,1,0,0,0,0
"HS2_0811",1,1,1,1,1,0,0,1,1,1,0,0,0,1,0,0,0,0,1,1,0,0
"HS2_0812",1,1,1,1,0,1,0,1,1,0,0,0,0,0,1,0,0,0,0,0,0,0
"HS2_0813",1,1,1,1,0,1,0,1,1,0,1,0,0,0,0,0,0,1,0,1,0,0
"HS2_0814",1,1,0,0,0,0,0,1,1,0,1,0,0,0,1,0,0,1,0,0,0,1
"HS2_0815",1,0,1,1,0,0,0,1,1,0,1,0,0,0,1,0,0,1,0,0,0,1
"HS2_0816",1,1,1,0,0,1,0,1,1,0,0,0,0,0,1,0,0,1,0,0,0,0
"HS2_1153",1,1,1,1,0,0,0,1,1,0,0,0,0,0,0,0,0,1,0,0,0,0
"HS2_1154",1,1,1,1,0,0,0,1,1,0,0,0,0,0,0,0,0,0,0,1,0,0
"HS2_1155",1,1,0,1,0,0,0,1,1,0,1,0,0,0,0,0,0,0,0,1,0,0
"HS2_1156",1,1,1,1,0,0,0,0,1,1,0,0,0,1,0,0,0,0,0,1,0,0
"HS2_1157",0,1,1,1,0,0,0,1,1,0,0,0,0,0,0,0,0,1,0,1,0,0
"HS2_1158",1,1,0,1,0,0,0,1,1,0,1,0,0,0,0,0,0,0,0,0,0,0
"HS2_1159",1,1,0,1,0,1,0,1,1,0,1,0,0,0,0,0,0,0,0,0,0,0
"HS2_1160",0,1,0,1,0,1,0,1,1,0,1,0,0,0,0,0,0,0,0,1,0,0
"HS2_1161",1,1,1,1,0,0,0,1,1,1,0,0,0,1,0,0,0,0,1,1,1,0
"HS2_1162",1,1,1,1,0,0,0,1,1,0,0,0,0,0,1,0,0,1,0,1,0,0
"HS2_1163",0,1,0,1,0,0,0,1,1,0,0,0,0,0,0,0,0,0,0,0,0,0
"HS2_1164",1,1,1,1,0,0,0,1,1,0,1,0,0,0,1,0,0,1,0,1,0,0
"HS2_1165",1,1,1,1,0,0,0,1,1,0,0,0,0,0,1,0,0,1,0,0,0,0
"HS2_1166",1,1,1,0,0,1,0,1,1,0,0,0,0,0,1,0,0,0,0,0,0,0
"HS2_1167",1,1,1,0,0,1,0,0,1,0,0,0,0,0,1,0,0,1,0,0,0,0
"HS2_1168",1,1,1,0,0,1,0,0,1,0,0,0,0,0,1,0,0,1,0,0,0,0
"HS2_1169",1,1,1,1,0,0,0,1,1,1,0,0,0,1,0,0,0,0,1,0,1,0
"HS2_1170",1,1,1,1,0,1,0,0,1,0,0,0,0,0,0,0,0,0,0,0,0,0
"HS2_1171",1,1,1,1,0,0,0,1,1,0,1,0,0,0,1,0,0,1,0,1,0,0
"HS2_1172",1,1,1,1,0,1,0,0,1,1,0,0,0,1,0,0,0,0,1,1,0,0
"HS2_1173",1,1,1,1,0,0,0,1,1,1,0,0,0,1,0,0,0,0,0,1,0,0
"HS2_1174",1,1,1,1,0,1,0,1,1,0,0,0,0,0,1,0,0,1,0,0,0,1
"HS2_1175",1,1,1,0,0,1,0,1,1,0,0,0,0,0,1,0,0,1,0,0,0,1
"HS2_1176",1,1,1,1,0,1,0,1,0,0,1,0,0,0,1,0,0,1,0,0,0,1
"HS2_1177",1,1,0,1,0,0,0,1,1,0,0,0,0,0,0,0,0,0,0,0,0,0
"HS2_1178",1,1,1,1,0,0,0,1,1,0,0,0,0,0,1,0,0,1,0,1,0,0
"HS2_1179",1,1,1,1,0,0,0,0,1,1,0,0,0,1,0,0,0,0,1,0,1,0
"HS2_1180",1,1,1,1,1,0,0,0,0,1,0,0,0,1,0,0,0,0,0,0,1,0
"HS2_1181",1,1,1,0,0,1,0,1,0,0,0,0,0,0,1,0,0,1,0,0,0,0
"HS2_1182",1,1,1,1,0,1,0,1,1,0,1,0,0,0,1,0,0,1,0,0,0,1
"HS2_1183",1,1,1,0,0,1,0,0,1,0,0,0,0,0,1,0,0,1,0,0,0,1
"HS2_1184",1,1,1,0,0,1,0,1,0,0,0,0,0,0,1,0,0,1,0,0,0,1
"HS2_1185",1,1,1,1,0,0,0,0,1,1,0,0,0,1,0,0,0,0,1,1,1,0
"HS2_1187",1,1,1,1,0,0,0,0,0,1,0,0,0,1,0,0,0,0,0,0,0,0
"HS2_1188",1,1,1,1,0,0,0,1,1,1,0,0,0,0,0,0,0,0,0,0,0,0
"HS2_1189",1,1,1,0,0,1,0,0,1,0,0,0,0,0,1,0,0,1,0,0,0,0
"HS2_1190",0,1,0,0,0,0,1,0,1,0,0,0,0,0,0,0,0,0,0,0,0,0
"HS2_1191",1,1,1,0,0,1,0,0,0,0,0,0,0,0,1,0,0,1,0,0,0,0
"HS2_1192",1,1,1,1,0,1,0,1,1,0,0,0,0,0,1,0,0,1,0,1,0,0
"HS2_1193",1,1,1,0,0,0,0,1,1,0,0,0,0,0,1,0,0,0,0,0,0,0
"HS2_1194",0,1,1,0,0,0,0,1,1,0,0,0,0,0,1,0,0,1,0,0,0,0
"HS2_1195",1,1,1,1,0,0,0,1,1,1,0,0,0,1,0,0,0,0,1,0,1,0
"HS2_1196",1,1,1,1,0,1,0,0,0,0,0,0,0,0,1,0,0,0,0,0,0,0
"HS2_1197",1,1,1,1,0,1,0,1,1,0,0,0,0,0,1,0,0,1,0,0,0,1
"HS2_1198",1,1,1,0,0,0,0,1,1,0,0,0,0,0,1,0,0,1,0,0,0,1
"HS2_1199",1,1,1,1,0,1,0,1,1,0,0,0,0,0,1,0,0,1,0,0,0,0
"HS2_1200",1,1,1,1,1,1,0,1,0,0,0,0,0,0,1,0,0,0,0,0,0,0
"HS2_1537",1,1,1,1,0,0,0,1,1,0,0,0,0,1,1,0,0,1,0,1,0,0
"HS2_1538",1,1,1,1,0,0,0,1,1,0,0,0,0,1,0,0,0,1,0,1,0,0
"HS2_1539",0,1,0,1,0,0,0,1,1,0,1,0,0,1,0,0,0,0,0,1,0,0
"HS2_1540",1,1,1,1,0,0,0,1,1,1,0,0,0,0,0,0,0,0,0,1,0,0
"HS2_1541",1,1,1,0,0,0,0,1,1,0,0,0,0,1,1,0,0,1,0,1,0,0
"HS2_1542",1,1,1,1,0,0,0,1,1,0,1,0,0,1,1,0,0,0,0,1,0,0
"HS2_1543",0,1,1,1,0,1,0,1,1,0,0,0,0,1,1,0,0,1,0,0,0,0
"HS2_1544",0,1,0,1,0,1,0,1,1,0,1,0,0,1,1,0,0,0,0,1,0,0
"HS2_1545",1,1,1,1,0,0,0,1,1,0,0,0,0,1,1,0,0,0,0,1,0,0
"HS2_1546",1,1,1,1,0,0,0,1,1,0,0,0,0,1,1,0,0,1,0,0,0,0
"HS2_1547",1,1,1,1,0,1,0,1,1,0,0,0,0,0,1,0,0,1,0,1,0,0
"HS2_1548",1,1,1,1,0,1,0,1,1,0,0,0,0,1,1,0,0,1,0,1,0,0
"HS2_1549",1,1,1,0,0,0,0,1,1,0,0,0,0,1,1,0,0,0,0,0,0,0
"HS2_1550",1,1,1,0,0,1,0,0,1,0,0,0,0,1,1,0,0,1,0,0,0,0
"HS2_1551",1,1,1,0,0,1,0,1,0,0,0,0,0,0,1,0,0,1,0,0,0,0
"HS2_1552",1,1,1,0,0,1,0,0,0,0,0,0,0,0,1,0,0,1,0,0,0,0
"HS2_1553",1,1,1,1,0,0,0,1,1,1,0,0,0,0,1,0,0,0,0,0,0,0
"HS2_1554",1,1,1,0,0,1,0,0,1,0,0,0,0,1,1,0,0,1,0,0,0,0
"HS2_1555",1,1,1,1,0,0,0,1,1,0,0,0,0,1,1,0,0,0,0,1,0,0
"HS2_1556",1,1,1,1,0,1,0,0,0,1,0,0,0,1,0,0,0,0,0,0,0,0
"HS2_1557",1,1,1,0,0,0,0,1,1,0,0,0,0,0,1,0,0,0,0,1,0,0
"HS2_1558",1,1,1,0,0,1,0,1,0,0,0,0,0,1,1,0,0,0,0,0,0,0
"HS2_1559",1,1,1,1,0,1,0,1,1,0,0,0,0,1,1,0,0,1,0,0,0,0
"HS2_1560",1,1,1,0,0,1,0,0,0,0,0,0,0,0,1,0,0,1,0,0,0,0
"HS2_1561",1,1,1,1,0,0,0,1,1,0,1,0,0,1,1,0,0,1,0,0,0,0
"HS2_1562",1,1,1,1,0,0,0,1,1,0,0,0,0,1,1,0,0,0,0,1,0,0
"HS2_1563",1,1,1,1,0,0,0,1,1,0,0,0,0,0,1,0,0,1,0,0,0,0
"HS2_1564",1,1,1,1,1,0,1,0,0,1,0,0,0,0,0,0,0,0,0,0,0,0
"HS2_1565",1,1,1,0,0,1,0,0,0,0,0,0,0,1,0,0,0,0,0,0,0,0
"HS2_1566",1,1,1,1,0,1,0,1,0,0,0,0,0,1,1,0,0,1,0,0,0,0
"HS2_1567",1,1,1,0,0,1,0,0,0,0,0,0,0,0,1,0,0,0,0,0,0,0
"HS2_1568",1,1,1,0,0,1,0,0,0,0,0,0,0,0,1,0,0,0,0,0,0,0
"HS2_1569",1,1,1,1,0,0,0,1,1,1,0,0,0,0,0,0,0,0,0,1,0,0
"HS2_1571",1,1,1,1,0,0,0,0,0,1,0,0,0,0,0,0,0,0,0,0,0,0
"HS2_1572",1,1,1,1,0,0,0,1,1,1,1,0,0,0,0,0,0,0,0,0,0,0
"HS2_1573",1,1,1,1,0,1,0,0,0,1,0,0,0,0,0,0,0,0,0,1,0,0
"HS2_1574",0,1,0,0,0,0,1,0,0,0,0,0,0,0,0,0,0,0,0,0,0,0
"HS2_1575",1,1,1,0,0,1,0,0,0,0,0,0,0,1,1,0,0,1,0,0,0,0
"HS2_1576",1,1,1,1,0,1,0,1,1,0,0,0,0,1,1,0,0,1,1,0,1,0
"HS2_1577",1,1,1,0,0,0,0,1,1,0,0,0,0,1,1,0,0,1,0,0,0,0
"HS2_1578",0,1,1,0,0,0,0,1,1,0,0,0,0,1,1,0,0,1,0,0,0,0
"HS2_1579",1,1,1,1,0,0,0,1,1,1,0,0,0,1,0,0,0,0,0,0,0,0
"HS2_1580",1,1,1,1,0,1,0,0,0,1,0,0,0,0,1,0,0,0,0,0,0,0
"HS2_1581",1,1,1,1,0,1,1,1,0,0,0,0,0,0,1,0,0,1,0,0,0,0
"HS2_1582",1,1,1,0,0,0,0,1,1,0,0,0,0,1,1,0,0,1,0,0,0,0
"HS2_1583",1,1,1,0,0,0,0,1,0,0,1,0,0,1,1,0,0,1,0,0,0,0
"HS2_1584",1,1,1,1,0,1,0,0,0,0,0,0,0,0,1,0,0,0,0,0,1,0
"HS2_1921",1,1,1,1,0,0,0,0,0,1,0,0,0,1,0,0,0,0,1,1,1,0
"HS2_1922",1,1,1,1,0,1,0,1,1,0,0,0,0,0,1,0,0,0,0,1,0,0
"HS2_1923",1,1,1,1,0,0,0,1,1,1,0,0,0,0,0,0,0,0,0,1,0,0
"HS2_1924",1,1,1,1,0,0,1,0,0,1,0,0,0,1,0,0,0,0,1,1,1,0
"HS2_1925",0,1,1,1,0,0,0,1,1,0,0,0,0,0,0,0,0,0,0,1,0,0
"HS2_1926",1,1,1,1,0,0,0,1,1,0,0,0,0,0,1,0,0,0,0,1,0,0
"HS2_1927",1,1,1,1,0,1,0,0,0,1,0,0,0,0,0,0,0,0,0,0,0,0
"HS2_1928",1,1,1,1,0,0,0,1,1,1,0,0,0,0,0,0,0,0,0,1,0,0
"HS2_1929",1,1,1,1,0,0,1,1,1,1,0,0,0,1,0,0,0,0,0,1,0,0
"HS2_1930",1,1,1,1,0,0,0,1,1,0,0,0,0,0,1,0,0,0,0,0,0,0
"HS2_1931",1,1,1,1,0,1,0,0,1,1,0,0,0,1,0,0,0,0,1,1,0,0
"HS2_1932",1,1,1,1,0,1,0,1,1,0,0,0,0,0,1,0,0,0,0,1,0,0
"HS2_1933",1,1,1,0,0,0,0,0,1,0,0,0,0,0,1,0,0,0,0,0,0,0
"HS2_1934",1,1,1,0,0,1,0,1,0,0,0,0,0,0,0,0,0,0,0,0,0,0
"HS2_1935",1,1,1,0,0,1,0,0,0,0,0,0,0,0,1,0,0,0,0,0,0,0
"HS2_1936",1,1,1,1,0,1,0,0,0,1,0,0,0,0,0,0,0,0,0,0,0,0
"HS2_1937",1,1,1,1,0,0,1,1,1,1,0,0,0,1,0,0,0,0,1,0,1,0
"HS2_1938",1,1,1,1,0,1,0,0,0,1,0,0,0,0,0,0,0,0,0,1,0,0
"HS2_1939",1,1,1,1,0,1,0,1,1,0,0,0,0,0,0,0,0,0,0,1,0,0
"HS2_1940",1,1,1,1,0,1,1,0,0,1,0,0,0,1,0,0,0,0,1,0,1,0
"HS2_1941",1,1,1,1,0,1,0,0,1,1,0,0,0,1,0,0,0,0,1,0,1,0
"HS2_1942",1,1,1,1,0,1,0,0,0,0,0,0,0,0,0,0,0,0,0,0,0,1
"HS2_1943",1,1,1,1,0,1,0,0,0,0,0,0,0,0,0,0,0,0,0,0,0,0
"HS2_1944",1,1,1,0,0,1,0,0,0,0,0,0,0,0,1,0,0,0,0,0,0,0
"HS2_1945",1,1,1,1,0,0,0,1,1,0,0,0,0,0,0,0,0,0,0,0,0,0
"HS2_1946",1,1,1,1,0,1,0,1,1,0,0,0,0,0,1,0,0,0,0,1,0,0
"HS2_1947",1,1,1,1,0,1,0,1,1,1,0,0,0,0,0,0,0,0,0,0,0,0
"HS2_1948",1,1,1,1,0,0,1,0,0,1,0,0,0,0,0,0,0,0,0,0,0,0
"HS2_1949",1,1,1,1,0,1,0,0,0,1,0,0,0,0,0,0,0,0,0,0,0,0
"HS2_1950",1,1,1,0,0,1,0,0,0,0,0,0,0,0,1,0,0,0,0,0,0,0
"HS2_1951",1,1,1,1,0,1,0,0,0,0,0,0,0,0,0,0,0,0,0,0,0,1
"HS2_1952",1,1,1,1,0,1,0,0,0,0,0,0,0,0,1,0,0,0,0,0,0,0
"HS2_1953",1,1,1,1,0,0,0,1,1,1,0,0,0,0,0,0,0,0,0,1,0,0
"HS2_1955",1,1,1,1,0,0,0,0,0,1,0,0,0,1,0,0,0,0,1,0,1,0
"HS2_1956",1,1,1,1,0,0,1,0,1,1,0,0,0,1,0,0,0,0,1,0,0,0
"HS2_1957",1,1,1,1,0,1,0,0,0,1,0,0,0,1,0,0,0,0,1,0,1,0
"HS2_1958",0,1,0,0,0,0,1,0,0,0,0,0,0,0,0,0,0,0,0,0,0,0
"HS2_1959",1,1,1,0,0,1,0,0,0,0,0,0,0,0,0,0,0,1,0,0,0,0
"HS2_1960",1,1,1,1,0,1,0,0,1,0,0,0,0,0,1,0,0,0,0,0,0,0
"HS2_1961",1,1,1,1,0,0,0,1,1,1,0,0,0,0,1,0,0,0,0,1,0,0
"HS2_1962",1,1,1,1,0,0,0,0,1,1,0,0,0,0,1,0,0,0,0,0,0,0
"HS2_1963",1,1,1,1,0,1,0,1,1,1,0,0,0,0,0,0,0,0,0,0,0,0
"HS2_1964",1,1,1,1,0,1,1,0,0,1,0,0,0,0,0,0,0,0,0,0,0,0
"HS2_1965",1,1,1,0,0,1,1,1,0,0,0,0,0,0,1,0,0,1,0,0,0,0
"HS2_1966",1,1,1,1,0,0,0,1,1,1,0,0,0,1,0,0,0,0,0,0,1,0
"HS2_1967",1,1,1,1,0,0,0,0,0,0,0,0,0,0,0,0,0,0,0,0,0,0
"HS2_1968",1,1,1,1,0,1,0,0,0,1,0,0,0,0,0,0,0,0,0,0,0,0
